Lambda,Baseline throughput,PrefillFirst throughput,Hybrid throughput,Baseline ttft,PrefillFirst ttft,Hybrid ttft,Baseline tbt,PrefillFirst tbt,Hybrid tbt
0.5,0.49861199586058913,0.4986533145386632,0.4986545380253558,1.3537325994762472,0.049832440311362025,1.0903372097682529,0.040000000000524547,0.040811215499599575,0.04000000000052453
1.0,0.7470284706788266,0.9972302725335134,0.997310870956453,1692.7398299193947,0.05529120671244781,1.0218109328966976,0.040000000000327135,0.041641270240225944,0.040000000000140534
